INSERT INTO image (id, alt_text, url)
VALUES (1, 'Julia Kreidler',
        'https://images.unsplash.com/photo-1580489944761-15a19d654956?ixlib=rb-1.2.1&ixid=MnwxMjA3fDB8MHxwaG90by1wYWdlfHx8fGVufDB8fHx8&auto=format&fit=crop&w=1061&q=80'),
       (2, 'Erich Heidemann',
        'https://images.unsplash.com/photo-1628890920690-9e29d0019b9b?ixlib=rb-1.2.1&ixid=MnwxMjA3fDB8MHxwaG90by1wYWdlfHx8fGVufDB8fHx8&auto=format&fit=crop&w=987&q=80'),
       (3, 'Timo Sträter',
        'https://images.unsplash.com/photo-1615109398623-88346a601842?ixlib=rb-1.2.1&ixid=MnwxMjA3fDB8MHxwaG90by1wYWdlfHx8fGVufDB8fHx8&auto=format&fit=crop&w=687&q=80'),
       (4, 'Hannah Böhm',
        'https://images.unsplash.com/photo-1627907912747-cf784f8fe876?ixlib=rb-1.2.1&ixid=MnwxMjA3fDB8MHxwaG90by1wYWdlfHx8fGVufDB8fHx8&auto=format&fit=crop&w=687&q=80'),
       (5, 'Marie Krefeld',
        'https://images.unsplash.com/photo-1494790108377-be9c29b29330?ixlib=rb-1.2.1&ixid=MnwxMjA3fDB8MHxwaG90by1wYWdlfHx8fGVufDB8fHx8&auto=format&fit=crop&w=987&q=80'),
       (6, 'Maximilian Winkler',
        'https://images.unsplash.com/photo-1624298357597-fd92dfbec01d?ixlib=rb-1.2.1&ixid=MnwxMjA3fDB8MHxwaG90by1wYWdlfHx8fGVufDB8fHx8&auto=format&fit=crop&w=987&q=80'),
       (7, 'Bungalow Ausbau',
        'https://images.unsplash.com/photo-1634586648651-f1fb9ec10d90?ixlib=rb-1.2.1&ixid=MnwxMjA3fDB8MHxwaG90by1wYWdlfHx8fGVufDB8fHx8&auto=format&fit=crop&w=2071&q=80'),
       (8, 'Sanitäreinrichtung installieren', 'https://cdn.pixabay.com/photo/2018/04/10/10/52/bad-3307033_1280.jpg'),
       (9, 'Handybildschirm flackert',
        'https://images.unsplash.com/photo-1653589048352-7c3b90241ae2?ixlib=rb-1.2.1&ixid=MnwxMjA3fDB8MHxwaG90by1wYWdlfHx8fGVufDB8fHx8&auto=format&fit=crop&w=2070&q=80'),
       (10, 'Parkettboden verlegen',
        'https://images.unsplash.com/photo-1444419988131-046ed4e5ffd6?ixlib=rb-1.2.1&ixid=MnwxMjA3fDB8MHxwaG90by1wYWdlfHx8fGVufDB8fHx8&auto=format&fit=crop&w=2070&q=80'),
       (11, 'Garten Umgestaltung',
        'https://1.bp.blogspot.com/-TY6bCDVOCME/WY9A14DKX3I/AAAAAAAAzlQ/WPdtnrPLNhcfQa__Fpfx6poKTD25vAJ9QCLcBGAs/s400/garden%2Bpatch.JPG'),
       (12, 'Grundriss Neugestaltung',
        'https://images.unsplash.com/photo-1517581177682-a085bb7ffb15?ixlib=rb-1.2.1&ixid=MnwxMjA3fDB8MHxwaG90by1wYWdlfHx8fGVufDB8fHx8&auto=format&fit=crop&w=1744&q=80'),
       (13, 'Grundriss Neugestaltung',
        'https://images.unsplash.com/photo-1535463942256-8d1d1bcdf366?ixlib=rb-1.2.1&ixid=MnwxMjA3fDB8MHxwaG90by1wYWdlfHx8fGVufDB8fHx8&auto=format&fit=crop&w=1016&q=80'),
       (14, 'Umzug - ASAP',
        'https://images.unsplash.com/photo-1600725935160-f67ee4f6084a?ixlib=rb-1.2.1&ixid=MnwxMjA3fDB8MHxwaG90by1wYWdlfHx8fGVufDB8fHx8&auto=format&fit=crop&w=1740&q=80'),
       (15, 'Probleme mit der Heizung',
        'https://images.unsplash.com/photo-1523495909838-79c67b15be34?ixlib=rb-1.2.1&ixid=MnwxMjA3fDB8MHxwaG90by1wYWdlfHx8fGVufDB8fHx8&auto=format&fit=crop&w=2070&q=80'),
       (16, 'Kellerisolation',
        'https://images.unsplash.com/photo-1625577816360-32388b70471c?ixlib=rb-1.2.1&ixid=MnwxMjA3fDB8MHxwaG90by1wYWdlfHx8fGVufDB8fHx8&auto=format&fit=crop&w=1674&q=80');


INSERT INTO "user" (id, subject, username, description, rating, verified, user_create_date, image_id)
VALUES (1, '2ccea2c3-891d-4b82-9a96-5cfece774138', 'Julia Kreidler',
        'Julia hier. Ich habe damals eine Ausbildung zur Tischlerin gemacht, wollte mich aber nun nur noch in meiner Freizeit damit ausleben. Beruflich bin ich Innenraumplanerin Ich freu mich über Aufträge. Schreibt mir gern. ',
        5, true, '2019-07-12 11:00:00.000000', 1),
       (2, '6fced419-de68-45ca-90e6-d00870bfd57c', 'Erich Heidemann',
        'Ich bin 54 Jahre alt und habe in den vergangenen Jahren in verschiedenen Branchen des Handwerks gearbeitet. Zuletzt habe ich für mich die Gärtnerei entdeckt und bin froh, wenn ich hier irgendwie jemandem helfen kann. ',
        3, false, '2019-07-12 11:00:00.000000', 2),
       (3, 'ae7dbb58-294d-46c6-9725-166399a19e4f', 'Timo Sträter',
        'Timo. 26j. Gelernter Mechatroniker. Hobbymäßiger Bastler.', 4, false, '2022-07-12 11:00:00.000000', 3),
       (4, 'fdbd295a-1944-4fc6-8de1-a2797cf816b8', 'Hannah Böhm', 'Gelernte Sanitärfachkraft. Hobbymäßige Bäckerin.', 3,
        true, '2021-07-12 11:00:00.000000', 4),
       (5, 'a0bdefbf-686e-42ae-ad42-8dd55608dee0', 'Marie Krefeld',
        'Ich bin so froh, diese App gefunden zu haben. Hei, ich heiße Marie und musste vor kurzem jobbedingt hierherziehen.',
        4, false, '2022-07-12 11:00:00.000000', 5),
       (6, 'fbf609b7-4232-48ea-9292-7d26eb7d5e00', 'Maximilian Winkler',
        'Moin, mein Name ist Max! Ich bin 31 Jahre alt und arbeite seit nunmehr als 10 Jahren als ausgebildeter Elektriker. Da vieles heute weggeworfen wird, wäre ich sehr froh, wenn sich mehr Menschen für ein nachhaltiges Leben entscheiden und ihrer Technik eine zweite Chance geben würden. Kaputtes Smartphone? – PN an mich!',
        4, true, '2020-07-12 11:00:00.000000', 6);

INSERT INTO user_tag (user_id, tag)
VALUES (1, 'wood'),
       (1, 'painter'),
       (1, 'montage'),
       (2, 'gardening'),
       (2, 'renovation'),
       (3, 'metal'),
       (3, 'electric'),
       (3, 'montage'),
       (4, 'sanitary'),
       (4, 'wood'),
       (4, 'moving'),
       (5, 'gardening'),
       (5, 'painter'),
       (6, 'gardening'),
       (6, 'electric');

INSERT INTO ticket (id, title, description, status, created, user_id, assigned_to)
VALUES (1, 'Bungalow Ausbau',
        'Ich benötige Hilfe beim Ausbau meines Bungalows in der Nähe von Werder. Einiges habe ich bereits selbst erledigt, bei andere...',
        'assign', '2022-07-12 11:00:00.000000', 1, 6),
       (2, 'Sanitäreinrichtung installieren',
        'Im Rahmen meiner Bungalowrenovierung benötige ich auch jemanden der mir bei der Installation der Dusche helfen könnte. Anyone?',
        'assign', '2022-07-12 11:00:00.000000', 1, 5),
       (3, 'Baumhaus', 'Ich habe für meine Nichte ein Baumhaus in ihrem Garten gebaut. Die...', 'done',
        '2022-07-12 11:00:00.000000', null, 1),
       (4, 'Küchengestaltung',
        'Da ich beruflich als Innenraumgestalterin arbeite, habe ich eine gute Freundin bei der Planung und Konzeptionierung ihrer Küche unterstützt.',
        'done', '2022-07-12 11:00:00.000000', null, 1),
       (5, 'Handybildschirm flackert',
        'Als ich letztens draußen im Garten war und den Teich reinigen wollte, fiel mein Handy ins Wasser. Ich habe es sofort rausholen können, aber seitdem fängt der Bildschirm immer wieder an zu flackern.',
        'assign', '2022-07-12 11:00:00.000000', 2, 6),
       (6, 'Rollrasen verlegen', 'Vorletzte Woche verlegte ich neuen Rollrasen in meinem Garten.', 'done',
        '2022-07-12 11:00:00.000000', null, 2),
       (7, 'Parkettboden verlegen',
        'Grundsätzlich ist Parkettboden verlegen für mich kein Problem. Aber ich habe mir die Hand verletzt und benötige dringend wen, der mich unterstützt. Am Samstag kommen die Möbel.',
        'open', '2022-07-12 11:00:00.000000', 3, null),
       (8, 'Garten Umgestaltung',
        'Mein Schrebergarten hat in der vergangenen Pandemie echt gelitten. Gibt es hier jemanden, der alles einmal grob herrichten kann?',
        'assign', '2022-07-12 11:00:00.000000', 3, 2),
       (9, 'Fundament für ein Gartenhaus',
        'Auf Anfrage eines ehemaligen Arbeitskollegen, habe ich geholfen ein Fundament für sein neues Gartenhaus zu gießen. Wir haben das Fundament mit Strahldrähten verstärkt, da er dort im Winter sein Motorrad unterstellen wollte.',
        'done', '2022-07-12 11:00:00.000000', null, 3),
       (10, 'Grundriss Neugestaltung',
        'Ich bin gerade frisch gebackene Besitzerin eines kleinen Eigenheims geworden und habe, wie die Bilder erkennen lassen einige Baustellen. Was den Innenraum angeht, bin ich echt planlos. Ich wäre wirklich froh, wenn sich hier jemand finden lässt und ein paar Ideen für mein neues Häuschen parat hat.',
        'assign', '2022-07-12 11:00:00.000000', 4, 1),
       (11, 'Hochzeitstorte',
        'Vor gut einem Jahr hat mein bester Freund geheiratet. Ich bin sonst super unkreativ, was Geschenke angeht, aber hierfür fiel es mir wirklich leicht. Eine vierstöckige Erdbeer-Sahne-Torte.',
        'done', '2022-07-12 11:00:00.000000', null, 4),
       (12, 'Umzug - ASAP',
        'Melde mich hier kurzfristig, weil ich kurzfristig umziehen musste und die Umzugsunternehmen zurzeit echt horrende Preise verlangen. Kann mir wer helfen? Ich habe viele Umzugskartons und einige Möbel.',
        'open', '2022-07-12 11:00:00.000000', 5, null),
       (13, 'Wohnungsrenovierung',
        'Letzten Sommer habe ich meiner Schwester bei der Renovierung ihrer Wohnung geholfen. War ne Menge Arbeit, aber ich habe so unglaublich viel dabei gelernt und meine Schwester glücklich zu sehen, macht den Stress wieder wett.',
        'done', '2022-07-12 11:00:00.000000', null, 5),
       (14, 'Probleme mit der Heizung',
        'Letzten Winter hat meine Heizung zwischenzeitlich das Heizen eingestellt. Ich dachte mir nichts dabei, doch seit kurzem gibt es Probleme mit dem Warmwasser. Ich glaube mein Heizkessel hat eine Macke. Help!',
        'assign', '2022-07-12 11:00:00.000000', 6, 4),
       (15, 'Kellerisolation',
        'Angesichts des bevorstehenden Winters müsste ich meinen Keller mal neu isolieren. Damit meine Heizung dann auch effizient arbeitet, kann ich mir einen durchlässigen Keller nicht leisten.',
        'open', '2022-07-12 11:00:00.000000', 6, null),
       (16, 'Sicherungserneuerung',
        'Freunde von mir sind vergangenen Monat in eine neue Wohnung gezogen. Leider sind die Sicherungen dort alles andere als sicher. Daher habe ich den beiden geholfen ihren Verteilerkasten neu zu legen. Sicherheit geht vor!',
        'done', '2022-07-12 11:00:00.000000', null, 6),
       (17, 'Steckdosen installieren',
        'Im Haus eines Freundes habe ich bei der Installation von Steckdosen nach einem Umbau geholfen. Dies beinhaltete auch das verkabeln eines Sicherungskastens, sowie ...',
        'done', '2022-07-12 11:00:00.000000', null, 6);

INSERT INTO ticket_tag (ticket_id, tag)
VALUES (1, 'renovation'),
       (1, 'painter'),
       (1, 'gardening'),
       (2, 'sanitary'),
       (2, 'renovation'),
       (3, 'wood'),
       (3, 'gardening'),
       (4, 'renovation'),
       (4, 'montage'),
       (5, 'electric'),
       (6, 'gardening'),
       (6, 'wood'),
       (7, 'renovation'),
       (7, 'wood'),
       (7, 'montage'),
       (8, 'gardening'),
       (8, 'renovation'),
       (9, 'metal'),
       (9, 'renovation'),
       (9, 'montage'),
       (10, 'renovation'),
       (10, 'wood'),
       (10, 'montage'),
       (11, 'montage'),
       (12, 'moving'),
       (12, 'montage'),
       (13, 'renovation'),
       (13, 'painter'),
       (14, 'sanitary'),
       (14, 'montage'),
       (15, 'renovation'),
       (15, 'wood'),
       (16, 'electric'),
       (16, 'renovation'),
       (16, 'moving'),
       (17, 'electric'),
       (17, 'renovation');

INSERT INTO ticket_image (ticket_id, image_id)
VALUES (1, 7),
       (2, 8),
       (5, 9),
       (7, 10),
       (8, 11),
       (10, 12),
       (10, 13),
       (12, 14),
       (14, 15),
       (15, 16);